Nome ,Cluster
0,2
1,2
2,2
3,11
4,2
5,2
6,13
7,2
8,2
9,12
10,2
11,12
12,13
13,14
14,0
15,2
16,3
17,3
18,3
19,10
20,5
21,13
22,0
23,10
24,7
25,0
26,6
27,0
28,14
29,2
30,3
31,2
32,5
33,3
34,13
35,11
36,8
37,7
38,12
39,6
40,8
41,6
42,13
43,9
44,0
45,7
46,13
47,9
48,9
49,7
50,9
51,2
52,2
53,2
54,5
55,8
56,5
57,9
58,6
59,2
60,13
61,11
62,0
63,11
64,11
65,10
66,0
67,2
68,8
69,7
70,7
71,7
72,10
73,8
74,8
75,6
76,10
77,10
78,5
79,2
80,9
81,6
82,6
83,6
84,6
85,10
86,7
87,6
88,8
89,10
90,2
91,2
92,2
93,8
94,8
95,5
96,2
97,8
98,10
99,10
100,9
101,10
102,0
103,6
104,9
105,10
106,2
107,5
108,11
109,11
110,11
111,10
112,5
113,13
114,2
115,0
116,12
117,9
118,11
119,9
120,0
121,2
122,2
123,6
124,6
125,9
126,10
127,10
128,9
129,9
130,10
131,13
132,7
133,10
134,12
135,12
136,5
137,11
138,10
139,10
140,12
141,7
142,0
143,7
144,13
145,14
146,10
147,5
148,14
149,2
150,2
151,9
152,9
153,12
154,0
155,7
156,6
157,13
158,2
159,10
160,0
161,5
162,8
163,11
164,7
165,12
166,10
167,0
168,11
169,9
170,8
171,7
172,13
173,12
174,5
175,5
176,5
177,5
178,11
179,0
180,11
181,9
182,14
183,9
184,13
185,2
186,2
187,13
188,12
189,11
190,11
191,12
192,12
193,14
194,7
195,11
196,3
197,4
198,3
199,3
200,3
201,0
202,13
203,10
204,5
205,5
206,7
207,5
208,10
209,0
210,7
211,7
212,7
213,9
214,12
215,10
216,6
217,2
218,13
219,6
220,10
221,8
222,10
223,6
224,13
225,5
226,6
227,6
228,6
229,8
230,6
231,14
232,5
233,0
234,0
235,9
236,6
237,7
238,8
239,10
240,7
241,6
242,6
243,8
244,5
245,14
246,7
247,2
248,5
249,11
250,5
251,11
252,9
253,5
254,6
255,0
256,10
257,3
258,3
259,3
260,3
261,5
262,3
263,11
264,11
265,3
266,3
267,3
268,3
269,7
270,14
271,2
272,11
273,9
274,7
275,11
276,10
277,0
278,12
279,12
280,6
281,0
282,12
283,0
284,7
285,2
286,7
287,6
288,5
289,8
290,6
291,9
292,10
293,5
294,9
295,0
296,14
297,3
298,3
299,12
300,3
301,12
302,10
303,5
304,10
305,0
306,11
307,7
308,11
309,11
310,12
311,1
312,12
313,3
314,4
315,12
316,13
317,4
318,12
319,4
320,4
321,12
322,4
323,5
324,0
325,13
326,2
327,2
328,6
329,8
330,7
331,6
332,6
333,5
334,14
335,7
336,2
337,7
338,0
339,6
340,6
341,6
342,11
343,5
344,11
345,10
346,12
347,5
348,10
349,2
350,5
351,11
352,3
353,12
354,5
355,5
356,9
357,12
358,6
359,6
360,7
361,8
362,8
363,5
364,8
365,5
366,6
367,6
368,2
369,2
370,6
371,6
372,6
373,7
374,12
375,12
376,4
377,2
378,4
379,3
380,12
381,12
382,12
383,3
384,12
385,8
386,4
387,4
388,13
389,12
390,3
391,3
392,13
393,12
394,1
395,12
396,2
397,3
398,2
399,3
400,12
401,12
402,5
403,13
404,13
405,7
406,5
407,6
408,5
409,0
410,7
411,2
412,12
413,13
414,7
415,2
416,13
417,9
418,10
419,6
420,6
421,10
422,13
423,3
424,3
425,10
426,11
427,3
428,7
429,12
430,13
431,13
432,5
433,7
434,7
435,7
436,0
437,7
438,3
439,3
440,11
441,13
442,13
443,12
444,12
445,0
446,12
447,3
448,10
449,11
450,8
451,13
452,14
453,2
454,7
455,6
456,11
457,12
458,12
459,3
460,5
461,6
462,5
463,0
464,8
465,6
466,8
467,5
468,11
469,14
470,6
471,7
472,12
473,6
474,5
475,10
476,6
477,3
478,13
479,3
480,14
481,2
482,10
483,10
484,2
485,8
486,9
487,12
488,3
489,3
490,12
491,10
492,11
493,13
494,4
495,10
496,3
497,3
498,4
499,10
500,8
501,7
502,5
503,10
504,5
505,2
506,6
507,7
508,9
509,13
510,8
511,6
512,2
513,3
514,3
515,12
516,3
517,14
518,7
519,1
520,12
521,1
522,12
523,0
524,10
525,11
526,0
527,14
528,9
529,9
530,13
531,13
532,9
533,9
534,2
535,14
536,9
537,14
538,5
539,14
540,2
541,14
542,11
543,3
544,11
545,11
546,13
547,13
548,8
549,10
550,3
551,7
552,3
553,3
554,3
555,3
556,3
557,5
558,4
559,4
560,3
561,3
562,3
563,3
564,4
565,2
566,10
567,9
568,7
569,8
570,9
571,5
572,7
573,14
574,3
575,12
576,1
577,3
578,13
579,3
580,3
581,3
582,5
583,4
584,4
585,4
586,12
587,5
588,10
589,11
590,6
591,11
592,9
593,9
594,6
595,8
596,6
597,9
598,13
599,6
600,10
601,6
602,11
603,2
604,0
605,14
606,11
607,2
608,0
609,5
610,11
611,6
612,0
613,9
614,5
615,9
616,9
617,5
618,0
619,8
620,0
621,5
622,5
623,5
624,5
625,0
626,9
627,10
628,6
629,6
630,0
631,6
632,0
633,10
634,13
635,13
636,7
637,8
638,6
639,13
640,14
641,9
642,10
643,5
644,2
645,12
646,9
647,9
648,5
649,6
650,0
651,7
652,7
653,13
654,10
655,6
656,6
657,10
658,13
659,5
660,5
661,8
662,0
663,9
664,0
665,9
666,5
667,12
668,13
669,5
670,6
671,11
672,11
673,12
674,10
675,12
676,6
677,6
678,0
679,7
680,7
681,5
682,13
683,6
684,9
685,6
686,6
687,11
688,11
689,11
690,7
691,7
692,10
693,1
694,12
695,4
696,4
697,3
698,4
699,4
700,4
701,12
702,12
703,4
704,4
705,8
706,8
707,8
708,8
709,9
710,9
711,10
712,0
713,14
714,9
715,6
716,2
717,9
718,6
719,3
720,5
721,3
722,4
723,5
724,4
725,2
726,0
727,14
728,3
729,5
730,8
731,5
732,6
733,6
734,5
735,5
736,13
737,0
738,9
739,2
740,7
741,2
742,13
743,13
744,6
745,0
746,2
747,3
748,3
749,3
750,11
751,10
752,8
753,3
754,4
755,3
756,3
757,3
758,4
759,5
760,2
761,3
762,1
763,2
764,2
765,4
766,12
767,2
768,9
769,9
770,3
771,0
772,7
773,3
774,0
775,2
776,11
777,13
778,12
779,9
780,5
781,4
782,10
783,10
784,6
785,9
786,9
787,0
788,0
789,5
790,13
791,13
792,13
793,13
794,0
795,9
796,9
797,2
798,3
799,12
800,10
801,13
802,13
803,0
804,14
805,4
806,3
807,3
808,4
809,12
810,12
811,3
812,3
813,3
814,3
815,4
816,4
817,3
818,3
819,3
820,3
821,7
822,7
823,7
824,6
825,6
826,6
827,6
828,11
829,6
830,0
831,0
832,10
833,6
834,13
835,6
836,5
837,3
838,2
839,5
840,11
841,8
842,10
843,5
844,5
845,13
846,6
847,10
848,10
849,10
850,10
851,6
852,5
853,9
854,12
855,7
856,13
857,0
858,11
859,1
860,1
861,2
862,8
863,6
864,7
865,6
866,7
867,7
868,9
869,6
870,0
871,0
872,5
873,7
874,10
875,6
876,13
877,0
878,3
879,12
880,12
881,0
882,0
883,4
884,3
885,12
886,3
887,3
888,4
889,2
890,2
891,11
892,7
893,10
894,0
895,5
896,2
897,9
898,7
899,5
900,2
901,13
902,7
903,10
904,0
905,9
906,6
907,6
908,2
909,2
910,2
911,3
912,12
913,12
914,0
915,0
916,3
917,11
918,12
919,13
920,1
921,3
922,3
923,3
924,3
925,1
926,3
927,3
928,4
929,5
930,10
931,0
932,12
933,12
934,3
935,4
936,9
937,0
938,7
939,5
940,9
941,2
942,13
943,11
944,3
945,3
946,12
947,2
948,11
949,3
950,4
951,5
952,7
953,7
954,0
955,2
956,13
957,9
958,9
959,6
960,6
961,9
962,0
963,0
964,9
965,10
966,7
967,13
968,7
969,13
970,2
971,9
972,0
973,10
974,7
975,9
976,13
977,2
978,7
979,14
980,14
981,11
982,3
983,11
984,3
985,5
986,12
987,3
988,5
989,14
990,11
991,0
992,7
993,7
994,7
995,7
996,11
997,10
998,12
999,0
1000,13
1001,8
1002,5
1003,7
1004,0
1005,6
1006,6
1007,12
1008,5
1009,0
1010,12
1011,5
1012,7
1013,5
1014,0
1015,5
1016,7
1017,7
1018,7
1019,2
1020,11
1021,5
1022,11
1023,12
1024,0
1025,5
1026,12
1027,3
1028,8
1029,3
1030,5
1031,2
1032,11
1033,11
1034,2
1035,2
1036,2
1037,5
1038,7
1039,10
1040,7
1041,7
1042,7
1043,7
1044,10
1045,10
1046,10
1047,6
1048,6
1049,12
1050,13
1051,6
1052,5
1053,6
1054,0
1055,14
1056,14
1057,12
1058,3
1059,8
1060,12
1061,12
1062,13
1063,2
1064,10
1065,5
1066,11
1067,10
1068,3
1069,12
1070,12
1071,12
1072,3
1073,2
1074,2
1075,5
1076,0
1077,7
1078,5
1079,9
1080,0
1081,0
1082,0
1083,12
1084,12
1085,8
1086,7
1087,12
1088,7
1089,11
1090,6
1091,5
1092,6
1093,10
1094,11
1095,0
1096,11
1097,10
1098,0
1099,6
1100,7
1101,7
1102,7
1103,2
1104,8
1105,9
1106,0
1107,10
1108,0
1109,5
1110,0
1111,10
1112,10
1113,2
1114,7
1115,11
1116,5
1117,2
1118,3
1119,2
1120,2
1121,2
1122,1
1123,11
1124,2
1125,4
1126,4
1127,1
1128,1
1129,4
1130,7
1131,10
1132,4
1133,7
1134,13
1135,11
1136,7
1137,7
1138,2
1139,2
1140,14
1141,13
1142,14
1143,11
1144,9
1145,10
1146,2
1147,0
1148,8
1149,11
1150,2
1151,10
1152,10
1153,13
1154,13
1155,12
1156,11
1157,11
1158,14
1159,12
1160,0
1161,7
1162,0
1163,7
1164,13
1165,8
1166,0
1167,9
1168,8
1169,8
1170,13
1171,6
1172,10
1173,13
1174,11
1175,12
1176,11
1177,12
1178,7
1179,0
1180,7
1181,7
1182,13
1183,7
1184,7
1185,5
1186,11
1187,11
1188,0
1189,13
1190,0
1191,10
1192,2
1193,11
1194,0
1195,6
1196,6
1197,8
1198,14
1199,8
1200,2
1201,8
1202,13
1203,12
1204,11
1205,7
1206,2
1207,9
1208,3
1209,2
1210,3
1211,8
1212,3
1213,3
1214,12
1215,4
1216,3
1217,12
1218,12
1219,12
1220,12
1221,12
1222,12
1223,12
1224,0
1225,4
1226,4
1227,4
1228,4
1229,4
1230,4
1231,3
1232,0
1233,0
1234,2
1235,14
1236,14
1237,5
1238,0
1239,6
1240,5
1241,7
1242,9
1243,6
1244,7
1245,5
1246,6
1247,6
1248,0
1249,14
1250,5
1251,7
1252,13
1253,11
1254,11
1255,0
1256,1
1257,4
1258,1
1259,1
1260,7
1261,14
1262,2
1263,9
1264,7
1265,11
1266,13
1267,0
1268,9
1269,10
1270,8
1271,3
1272,0
1273,1
1274,12
1275,12
1276,7
1277,7
1278,11
1279,7
1280,0
1281,6
1282,6
1283,6
1284,0
1285,0
1286,6
1287,7
1288,7
1289,6
1290,0
1291,7
1292,6
1293,6
1294,12
1295,12
1296,9
1297,9
1298,6
1299,6
1300,0
1301,12
1302,0
1303,13
1304,6
1305,7
1306,2
1307,11
1308,7
1309,0
1310,11
1311,6
1312,5
1313,0
1314,0
1315,0
1316,0
1317,11
1318,6
1319,8
1320,2
1321,0
1322,2
1323,7
1324,11
1325,2
1326,0
1327,10
1328,10
1329,12
1330,6
1331,6
1332,2
1333,11
1334,2
1335,8
1336,12
1337,10
1338,8
1339,3
1340,2
1341,2
1342,5
1343,2
1344,8
1345,9
1346,6
1347,12
1348,9
1349,9
1350,7
1351,10
1352,10
1353,8
1354,8
1355,10
1356,14
1357,14
1358,3
1359,13
1360,6
1361,0
1362,0
1363,2
1364,5
1365,13
1366,7
1367,7
1368,5
1369,10
1370,10
1371,9
1372,5
1373,6
1374,0
1375,12
1376,12
1377,5
1378,7
1379,7
1380,7
1381,5
1382,14
1383,2
1384,5
1385,11
1386,5
1387,9
1388,7
1389,11
1390,9
1391,8
1392,13
1393,9
1394,6
1395,11
1396,9
1397,6
1398,12
1399,8
1400,5
1401,0
1402,5
1403,10
1404,1
1405,12
1406,3
1407,4
1408,12
1409,3
1410,3
1411,4
1412,10
1413,0
1414,0
1415,3
1416,12
1417,12
1418,5
1419,10
1420,14
1421,6
1422,6
1423,10
1424,12
1425,2
1426,3
1427,5
1428,1
1429,13
1430,1
1431,4
1432,10
1433,8
1434,8
1435,8
1436,5
1437,11
1438,12
1439,7
1440,8
1441,10
1442,5
1443,7
1444,0
1445,8
1446,7
1447,5
1448,10
1449,2
1450,13
1451,1
1452,0
1453,13
1454,10
1455,10
1456,1
1457,9
1458,11
1459,8
1460,9
1461,10
1462,0
1463,6
1464,7
1465,6
1466,0
1467,7
1468,6
1469,7
1470,7
1471,7
1472,0
1473,0
1474,7
1475,2
1476,8
1477,11
1478,5
1479,2
1480,11
1481,10
1482,12
1483,1
1484,4
1485,4
1486,4
1487,11
1488,7
1489,7
1490,7
1491,5
1492,2
1493,10
1494,5
1495,9
1496,0
1497,7
1498,12
1499,8
1500,3
1501,12
1502,12
1503,12
1504,3
1505,5
1506,3
1507,4
1508,4
1509,4
1510,4
1511,1
1512,3
1513,4
1514,0
1515,2
1516,5
1517,11
1518,10
1519,10
1520,5
1521,13
1522,13
1523,12
1524,2
1525,6
1526,6
1527,7
1528,7
1529,5
1530,14
1531,13
1532,11
1533,2
1534,8
1535,13
1536,7
1537,8
1538,2
1539,7
1540,8
1541,0
1542,9
1543,9
1544,13
1545,11
1546,8
1547,11
1548,14
1549,13
1550,8
1551,12
1552,7
1553,0
1554,10
1555,13
1556,6
1557,0
1558,13
1559,7
1560,7
1561,6
1562,5
1563,7
1564,8
1565,7
1566,7
1567,0
1568,7
1569,0
1570,0
1571,8
1572,7
1573,10
1574,9
1575,12
1576,12
1577,0
1578,7
1579,10
1580,7
1581,12
1582,3
1583,12
1584,2
1585,11
1586,2
1587,2
1588,8
1589,2
1590,13
1591,1
1592,4
1593,4
1594,3
1595,4
1596,4
1597,4
1598,4
1599,3
1600,12
1601,12
1602,5
1603,4
1604,11
1605,13
1606,5
1607,6
1608,9
1609,12
1610,8
1611,13
1612,11
1613,1
1614,12
1615,12
1616,3
1617,12
1618,4
1619,12
1620,2
1621,5
1622,10
1623,11
1624,7
1625,5
1626,5
1627,2
1628,5
1629,10
1630,11
1631,12
1632,7
1633,7
1634,5
1635,0
1636,10
1637,8
1638,5
1639,7
1640,6
1641,7
1642,0
1643,9
1644,2
1645,7
1646,9
1647,9
1648,11
1649,5
1650,12
1651,8
1652,8
1653,2
1654,5
1655,5
1656,5
1657,13
1658,10
1659,12
1660,7
1661,11
1662,5
1663,8
1664,12
1665,13
1666,5
1667,7
1668,7
1669,2
1670,5
1671,2
1672,9
1673,9
1674,7
1675,5
1676,6
1677,6
1678,7
1679,0
1680,8
1681,8
1682,8
1683,5
1684,5
1685,6
1686,8
1687,11
1688,6
1689,7
1690,8
1691,8
1692,2
1693,7
1694,7
1695,7
1696,9
1697,8
1698,10
1699,2
1700,9
1701,9
1702,0
1703,13
1704,0
1705,6
1706,2
1707,7
1708,9
1709,11
1710,0
1711,12
1712,5
1713,8
1714,13
1715,4
1716,3
1717,8
1718,3
1719,4
1720,4
1721,10
1722,4
1723,4
1724,4
1725,5
1726,11
1727,7
1728,11
1729,9
1730,5
1731,0
1732,11
1733,0
1734,2
1735,2
1736,10
1737,10
1738,8
1739,14
1740,3
1741,13
1742,5
1743,12
1744,12
1745,2
1746,2
1747,8
1748,12
1749,12
1750,12
1751,3
1752,3
1753,4
1754,4
1755,1
1756,4
1757,4
1758,4
1759,4
1760,4
1761,8
1762,4
1763,4
1764,12
1765,12
1766,3
1767,4
1768,7
1769,4
1770,4
1771,13
1772,8
1773,8
1774,5
1775,2
1776,7
1777,13
1778,10
1779,13
1780,8
1781,10
1782,8
1783,9
1784,5
1785,9
1786,11
1787,9
1788,9
1789,2
1790,5
1791,11
1792,11
1793,7
1794,7
1795,8
1796,0
1797,2
1798,0
1799,5
1800,11
1801,5
1802,11
1803,14
1804,10
1805,11
1806,0
1807,9
1808,8
1809,5
1810,8
1811,7
1812,12
1813,2
1814,2
1815,5
1816,7
1817,7
1818,10
1819,0
1820,11
1821,11
1822,11
1823,2
1824,10
1825,14
1826,8
1827,7
1828,14
1829,7
1830,14
1831,14
1832,13
1833,9
1834,5
1835,7
1836,8
1837,11
1838,14
1839,7
1840,9
1841,0
1842,14
1843,11
1844,7
1845,6
1846,8
1847,5
1848,0
1849,5
1850,10
1851,7
1852,8
1853,14
1854,13
1855,1
1856,0
1857,12
1858,11
1859,8
1860,10
1861,11
1862,3
1863,13
1864,13
1865,4
1866,4
1867,2
1868,12
1869,12
1870,4
1871,5
1872,1
1873,10
1874,3
1875,4
1876,4
1877,4
1878,4
1879,7
1880,4
1881,8
1882,11
1883,8
1884,11
1885,2
1886,11
1887,2
1888,12
1889,5
1890,0
1891,5
1892,2
1893,7
1894,2
1895,7
1896,8
1897,13
1898,5
1899,0
1900,14
1901,7
1902,12
1903,5
1904,2
1905,5
1906,1
1907,11
1908,0
1909,8
1910,8
1911,7
1912,8
1913,11
1914,14
1915,11
1916,8
1917,2
1918,7
1919,12
1920,11
1921,2
1922,5
1923,11
1924,8
1925,6
1926,8
1927,0
1928,13
1929,0
1930,2
1931,8
1932,0
1933,0
1934,11
1935,14
1936,11
1937,8
1938,8
1939,7
1940,9
1941,8
1942,8
1943,13
1944,13
1945,5
1946,9
1947,9
1948,8
1949,5
1950,8
1951,8
1952,10
1953,8
1954,11
1955,13
1956,8
1957,7
1958,4
1959,4
1960,5
1961,4
1962,3
1963,2
1964,4
1965,4
1966,4
1967,1
1968,8
1969,10
1970,11
1971,0
1972,7
1973,13
1974,8
1975,9
1976,5
1977,13
1978,0
1979,13
1980,5
1981,7
1982,11
1983,5
1984,0
1985,0
1986,5
1987,12
1988,8
1989,5
1990,12
1991,9
1992,10
1993,11
1994,7
1995,11
1996,13
1997,5
1998,14
1999,3
2000,3
2001,12
2002,8
2003,5
2004,9
2005,8
2006,2
2007,8
2008,10
2009,2
2010,0
2011,9
2012,9
2013,0
2014,0
2015,7
2016,0
2017,5
2018,8
2019,0
2020,0
2021,5
2022,2
2023,0
2024,7
2025,14
2026,7
2027,0
2028,10
2029,9
2030,8
2031,13
2032,5
2033,5
2034,11
2035,8
2036,13
2037,14
2038,7
2039,12
2040,0
2041,13
2042,0
2043,8
2044,10
2045,5
2046,12
2047,8
2048,8
2049,10
2050,8
2051,8
2052,14
2053,14
2054,7
2055,7
2056,7
2057,5
2058,10
2059,10
2060,7
2061,7
2062,8
2063,8
2064,0
2065,8
2066,7
2067,7
2068,11
2069,12
2070,13
2071,8
2072,7
2073,3
2074,4
2075,4
2076,4
2077,3
2078,4
2079,4
2080,4
2081,4
2082,5
2083,14
2084,14
2085,0
2086,11
2087,1
2088,8
2089,8
2090,5
2091,9
2092,10
2093,9
2094,8
2095,8
2096,11
2097,7
2098,9
2099,5
2100,11
2101,9
2102,6
2103,6
2104,14
2105,13
2106,9
2107,0
2108,8
2109,13
2110,12
2111,7
2112,8
2113,8
2114,10
2115,4
2116,4
2117,4
2118,4
2119,4
2120,12
2121,4
2122,7
2123,2
2124,8
2125,2
2126,8
2127,7
2128,8
2129,7
2130,13
2131,7
2132,2
2133,8
2134,5
2135,9
2136,10
2137,8
2138,7
2139,9
2140,8
2141,7
2142,14
2143,5
2144,5
2145,11
2146,10
2147,8
2148,9
2149,0
2150,7
2151,8
2152,9
2153,8
2154,8
2155,10
2156,0
2157,9
2158,9
2159,6
2160,8
2161,5
2162,12
2163,12
2164,2
2165,5
2166,5
2167,12
2168,11
2169,5
2170,11
2171,7
2172,8
2173,8
2174,1
2175,13
2176,4
2177,1
2178,1
2179,1
2180,4
2181,4
2182,12
2183,4
2184,4
2185,4
2186,1
2187,4
2188,1
2189,4
2190,3
2191,3
2192,4
2193,4
2194,4
2195,3
2196,4
2197,4
2198,1
2199,4
2200,3
2201,13
2202,8
2203,10
2204,13
2205,9
2206,6
2207,9
2208,10
2209,2
2210,9
2211,0
2212,10
2213,7
2214,2
2215,5
2216,11
2217,5
2218,8
2219,13
2220,9
2221,8
2222,0
2223,11
2224,14
2225,2
2226,0
2227,5
2228,0
2229,10
2230,8
2231,5
2232,8
2233,10
2234,12
2235,0
2236,5
2237,7
2238,9
2239,8
2240,0
2241,8
2242,5
2243,2
2244,11
2245,8
2246,8
2247,2
2248,9
2249,9
2250,13
2251,0
2252,9
2253,8
2254,8
2255,9
2256,8
2257,2
2258,9
2259,9
2260,9
2261,14
2262,11
2263,5
2264,5
2265,2
2266,13
2267,5
2268,13
2269,7
2270,7
2271,2
2272,8
2273,5
2274,0
2275,6
2276,13
2277,8
2278,8
2279,11
2280,13
2281,0
2282,10
2283,12
2284,12
2285,12
2286,7
2287,11
2288,5
2289,5
2290,14
2291,2
2292,14
2293,2
2294,2
2295,2
2296,0
2297,1
2298,4
2299,1
2300,4
2301,4
2302,1
2303,4
2304,4
2305,0
2306,4
2307,1
2308,4
2309,4
2310,13
2311,8
2312,11
2313,9
2314,0
2315,0
2316,13
2317,11
2318,10
2319,8
2320,10
2321,14
2322,1
2323,2
2324,3
2325,4
2326,4
2327,1
2328,4
2329,4
2330,1
2331,4
2332,10
2333,4
2334,4
2335,2
2336,2
2337,14
2338,0
2339,8
2340,7
2341,13
2342,13
2343,13
2344,10
2345,10
2346,9
2347,14
2348,8
2349,11
2350,11
2351,1
2352,11
2353,5
2354,14
2355,2
2356,7
2357,4
2358,4
2359,4
2360,4
2361,4
2362,12
2363,4
2364,4
2365,4
2366,4
2367,1
2368,4
2369,4
2370,4
2371,3
2372,0
2373,4
2374,1
2375,8
2376,8
2377,8
2378,9
2379,10
2380,13
2381,10
2382,14
2383,10
2384,7
2385,14
2386,4
2387,4
2388,4
2389,1
2390,3
2391,4
2392,2
2393,4
2394,4
2395,11
2396,11
2397,8
2398,14
2399,14
2400,13
2401,0
2402,0
2403,14
2404,2
2405,2
2406,10
2407,7
2408,0
2409,12
2410,13
2411,12
2412,10
2413,1
2414,1
2415,1
2416,1
2417,4
2418,3
2419,4
2420,4
2421,4
2422,3
2423,4
2424,4
2425,4
2426,4
2427,14
2428,8
2429,8
2430,9
2431,9
2432,7
2433,11
2434,8
2435,13
2436,13
2437,12
2438,13
2439,4
2440,4
2441,4
2442,4
2443,4
2444,4
2445,5
2446,4
2447,4
2448,4
2449,4
2450,4
2451,1
2452,4
2453,4
2454,4
2455,8
2456,5
2457,2
2458,2
2459,8
2460,8
2461,7
2462,7
2463,5
2464,11
2465,0
2466,0
2467,0
2468,0
2469,8
2470,8
2471,9
2472,11
2473,11
2474,13
2475,13
2476,7
2477,7
2478,13
2479,9
2480,2
2481,1
2482,4
2483,4
2484,4
2485,1
2486,4
2487,4
2488,4
2489,4
2490,3
2491,12
2492,4
2493,4
2494,4
2495,10
2496,4
2497,4
2498,4
2499,4
2500,4
2501,4
2502,12
2503,2
2504,5
2505,11
2506,10
2507,13
2508,8
2509,14
2510,11
2511,8
2512,13
2513,8
2514,7
2515,11
2516,10
2517,1
2518,12
2519,4
2520,4
2521,1
2522,1
2523,4
2524,4
2525,4
2526,4
2527,1
2528,4
2529,4
2530,5
2531,1
2532,14
2533,7
2534,0
2535,7
2536,7
2537,0
2538,10
2539,11
2540,5
2541,10
2542,8
2543,13
2544,9
2545,0
2546,8
2547,5
2548,11
2549,13
2550,1
2551,2
2552,4
2553,7
2554,7
2555,2
2556,0
2557,14
2558,7
2559,2
2560,1
2561,7
2562,0
2563,7
2564,12
2565,11
2566,8
2567,8
2568,14
2569,13
2570,8
2571,0
2572,8
2573,7
2574,14
2575,13
2576,4
2577,11
2578,4
2579,4
2580,4
2581,4
2582,4
2583,1
2584,4
2585,4
2586,4
2587,4
2588,4
2589,4
2590,4
2591,4
2592,4
2593,4
2594,4
2595,4
2596,4
2597,11
2598,8
2599,8
2600,8
2601,8
2602,8
2603,14
2604,9
2605,8
2606,8
2607,12
2608,8
2609,12
2610,2
2611,10
2612,11
2613,11
2614,2
2615,4
2616,4
2617,4
2618,4
2619,4
2620,13
2621,0
2622,3
2623,4
2624,4
2625,11
2626,10
2627,8
2628,12
2629,8
2630,2
2631,8
2632,7
2633,14
2634,8
2635,5
2636,2
2637,11
2638,14
2639,7
2640,4
2641,4
2642,4
2643,4
2644,4
2645,4
2646,4
2647,12
2648,4
2649,4
2650,4
2651,3
2652,4
2653,4
2654,3
2655,7
2656,2
2657,12
2658,5
2659,2
2660,5
2661,8
2662,0
2663,8
2664,0
2665,12
2666,5
2667,7
2668,8
2669,9
2670,0
2671,8
2672,5
2673,0
2674,4
2675,4
2676,5
2677,7
2678,7
2679,7
2680,13
2681,13
2682,11
2683,0
2684,14
2685,0
2686,8
2687,9
2688,8
2689,8
2690,0
2691,14
2692,14
2693,4
2694,4
2695,4
2696,2
2697,4
2698,4
2699,10
2700,14
2701,2
2702,11
2703,11
2704,8
2705,7
2706,10
2707,13
2708,2
2709,5
2710,8
2711,9
2712,2
2713,8
2714,8
2715,8
2716,8
2717,2
2718,9
2719,8
2720,10
2721,0
2722,0
2723,0
2724,7
2725,2
2726,7
2727,9
2728,11
2729,13
2730,3
2731,3
2732,1
2733,12
2734,4
2735,5
2736,10
2737,3
2738,3
2739,3
2740,4
2741,1
2742,14
2743,4
2744,3
2745,3
2746,4
2747,4
2748,4
2749,4
2750,4
2751,4
2752,4
2753,4
2754,14
2755,13
2756,0
2757,11
2758,11
2759,10
2760,5
2761,8
2762,8
2763,8
2764,5
2765,8
2766,7
2767,13
2768,2
2769,8
2770,9
2771,5
2772,10
2773,0
2774,0
2775,11
2776,11
2777,9
2778,14
2779,10
2780,8
2781,13
2782,7
2783,11
2784,10
2785,9
2786,8
2787,11
2788,9
2789,9
2790,0
2791,0
2792,10
2793,2
2794,0
2795,0
2796,8
2797,8
2798,13
2799,12
2800,12
2801,14
2802,11
2803,10
2804,2
2805,12
2806,14
2807,14
2808,14
2809,13
2810,7
2811,10
2812,10
2813,7
2814,0
2815,8
2816,10
2817,2
2818,7
2819,0
2820,8
2821,9
2822,12
2823,13
2824,5
2825,13
2826,11
2827,0
2828,8
2829,5
2830,0
2831,13
2832,10
2833,8
2834,10
2835,14
2836,13
2837,5
2838,12
2839,10
2840,12
2841,14
2842,1
2843,8
2844,1
2845,2
2846,1
2847,1
2848,1
2849,5
2850,1
2851,4
2852,4
2853,1
2854,1
2855,1
2856,4
2857,4
2858,4
2859,4
2860,1
2861,1
2862,1
2863,0
2864,4
2865,4
2866,1
2867,2
2868,7
2869,8
2870,9
2871,9
2872,11
2873,11
2874,9
2875,14
2876,1
2877,1
2878,2
2879,12
2880,1
2881,4
2882,4
2883,4
2884,4
2885,1
2886,4
2887,1
2888,1
2889,4
2890,3
2891,4
2892,4
2893,4
2894,4
2895,4
2896,4
2897,1
2898,4
2899,4
2900,1
2901,4
2902,1
2903,4
2904,1
2905,1
2906,1
2907,4
2908,1
2909,1
2910,4
2911,4
2912,4
2913,1
2914,1
2915,4
2916,4
2917,4
2918,4
2919,1
2920,1
2921,4
2922,2
2923,8
2924,10
2925,13
2926,0
2927,7
2928,5
2929,13
2930,13
2931,8
2932,0
2933,0
2934,2
2935,10
2936,11
2937,4
2938,14
2939,7
2940,7
2941,14
2942,10
2943,8
2944,2
2945,0
2946,0
2947,0
2948,13
2949,11
2950,11
2951,11
2952,8
2953,8
2954,8
2955,13
2956,8
2957,8
2958,8
2959,8
2960,8
2961,8
2962,8
2963,2
2964,2
2965,2
2966,13
2967,13
2968,13
2969,5
2970,7
2971,7
2972,7
2973,5
2974,8
2975,9
2976,14
2977,13
2978,10
2979,7
2980,0
2981,11
2982,13
2983,5
2984,8
2985,0
2986,14
2987,11
2988,11
2989,8
2990,0
2991,7
2992,2
2993,5
2994,11
2995,1
2996,0
2997,8
2998,8
2999,11
3000,8
3001,5
3002,8
3003,8
3004,0
3005,11
3006,5
3007,7
3008,13
3009,7
3010,10
3011,13
3012,12
3013,9
3014,14
3015,5
3016,8
3017,9
3018,13
3019,13
3020,8
3021,14
3022,11
3023,14
3024,0
3025,8
3026,14
3027,8
3028,2
3029,11
3030,10
3031,7
3032,1
3033,4
3034,4
3035,4
3036,4
3037,4
3038,4
3039,8
3040,10
3041,3
3042,4
3043,5
3044,8
3045,2
3046,11
3047,3
3048,10
3049,0
3050,8
3051,0
3052,10
3053,13
3054,7
3055,11
3056,14
3057,14
3058,13
3059,13
3060,13
3061,7
3062,5
3063,10
3064,0
3065,8
3066,10
3067,8
3068,8
3069,1
3070,1
3071,1
3072,1
3073,1
3074,1
3075,10
3076,2
3077,11
3078,13
3079,8
3080,13
3081,8
3082,0
3083,0
3084,1
3085,1
3086,1
3087,1
3088,3
3089,5
3090,7
3091,14
3092,7
3093,14
3094,13
3095,7
3096,14
3097,14
3098,7
3099,0
3100,7
3101,0
3102,2
3103,7
3104,13
3105,8
3106,2
3107,8
3108,14
3109,5
3110,12
3111,8
3112,7
3113,4
3114,1
3115,0
3116,1
3117,4
3118,11
3119,4
3120,2
3121,4
3122,1
3123,1
3124,4
3125,4
3126,4
3127,4
3128,3
3129,4
3130,4
3131,4
3132,4
3133,4
3134,8
3135,4
3136,4
3137,4
3138,4
3139,3
3140,4
3141,4
3142,4
3143,4
3144,4
3145,4
3146,4
3147,4
3148,4
3149,4
3150,4
3151,14
3152,12
3153,12
3154,13
3155,8
3156,8
3157,8
3158,8
3159,5
3160,8
3161,10
3162,1
